{"stats":{"minecraft:picked_up":{"minecraft:dirt":9},"minecraft:mined":{"minecraft:grass_block":3,"minecraft:oak_leaves":3,"minecraft:dirt":6},"minecraft:custom":{"minecraft:jump":141,"minecraft:time_since_rest":4914,"minecraft:damage_dealt":21,"minecraft:damage_taken":55,"minecraft:crouch_one_cm":566,"minecraft:sprint_one_cm":25832,"minecraft:play_time":4914,"minecraft:walk_on_water_one_cm":2044,"minecraft:time_since_death":4914,"minecraft:walk_one_cm":9900,"minecraft:sneak_time":126,"minecraft:total_world_time":4914,"minecraft:fall_one_cm":3294,"minecraft:fly_one_cm":22383},"minecraft:used":{"minecraft:dirt":9}},"DataVersion":3465}