{"stats":{"minecraft:picked_up":{"minecraft:feather":2,"minecraft:chicken":3,"minecraft:glow_ink_sac":3,"minecraft:leather":11,"minecraft:netherite_shovel":1,"minecraft:oak_log":5,"minecraft:dirt":117,"minecraft:wheat_seeds":10,"minecraft:beef":13,"minecraft:oak_sapling":1,"minecraft:sugar_cane":5,"minecraft:egg":1},"minecraft:mined":{"minecraft:grass":64,"minecraft:grass_block":41,"minecraft:oak_log":5,"minecraft:dirt":77,"minecraft:tall_grass":3,"minecraft:sugar_cane":3,"minecraft:oak_leaves":1},"minecraft:dropped":{"minecraft:sugar_cane":1,"minecraft:mooshroom_spawn_egg":64,"minecraft:wheat_seeds":1,"minecraft:glow_ink_sac":3,"minecraft:mule_spawn_egg":128,"minecraft:oak_sapling":1,"minecraft:chicken":2,"minecraft:netherite_shovel":2,"minecraft:leather":11,"minecraft:glow_squid_spawn_egg":64},"minecraft:crafted":{"minecraft:oak_planks":20,"minecraft:crafting_table":1,"minecraft:stick":4,"minecraft:wooden_pickaxe":1},"minecraft:custom":{"minecraft:time_since_rest":4455,"minecraft:sprint_one_cm":21690,"minecraft:damage_taken":30,"minecraft:walk_one_cm":29863,"minecraft:mob_kills":13,"minecraft:drop":16,"minecraft:damage_dealt":3531,"minecraft:interact_with_crafting_table":1,"minecraft:fly_one_cm":70346,"minecraft:crouch_one_cm":6358,"minecraft:play_time":20028,"minecraft:deaths":1,"minecraft:sneak_time":1110,"minecraft:walk_under_water_one_cm":97,"minecraft:jump":254,"minecraft:leave_game":4,"minecraft:walk_on_water_one_cm":277,"minecraft:time_since_death":4921,"minecraft:total_world_time":20028,"minecraft:fall_one_cm":3181},"minecraft:killed":{"minecraft:mule":4,"minecraft:mooshroom":1,"minecraft:chicken":3,"minecraft:cow":5},"minecraft:used":{"minecraft:glow_squid_spawn_egg":4,"minecraft:netherite_shovel":114,"minecraft:sugar_cane":4,"minecraft:mooshroom_spawn_egg":11,"minecraft:dirt":86,"minecraft:crafting_table":1,"tombstone:gift":2,"minecraft:mule_spawn_egg":31}},"DataVersion":3465}