{"stats":{"minecraft:picked_up":{"minecraft:stripped_oak_log":1,"minecraft:crafting_table":3,"minecraft:feather":7,"minecraft:chicken":6,"minecraft:glow_ink_sac":3,"minecraft:leather":11,"minecraft:oak_log":22,"minecraft:dirt":132,"minecraft:string":2,"minecraft:wheat_seeds":10,"minecraft:beef":13,"minecraft:sugar_cane":5,"minecraft:oak_planks":11,"minecraft:egg":2,"minecraft:furnace":1,"minecraft:book":12,"minecraft:raw_iron":4,"minecraft:porkchop":5,"minecraft:netherite_shovel":1,"minecraft:white_bed":1,"minecraft:spider_eye":1,"minecraft:oak_sapling":2,"minecraft:mutton":7,"minecraft:white_wool":4,"minecraft:cobblestone":27},"minecraft:dropped":{"minecraft:wheat_seeds":1,"minecraft:sugar_cane":1,"minecraft:mooshroom_spawn_egg":64,"minecraft:glow_ink_sac":3,"minecraft:mule_spawn_egg":128,"minecraft:chicken":2,"minecraft:leather":11,"minecraft:netherite_shovel":2,"minecraft:oak_sapling":1,"minecraft:glow_squid_spawn_egg":64},"minecraft:mined":{"minecraft:white_bed":1,"minecraft:crafting_table":3,"minecraft:grass_block":45,"minecraft:tall_grass":3,"minecraft:sugar_cane":3,"minecraft:furnace":1,"minecraft:iron_ore":4,"minecraft:grass":66,"minecraft:bookshelf":4,"minecraft:oak_log":22,"minecraft:dirt":87,"minecraft:stripped_oak_log":1,"minecraft:stone":27,"minecraft:oak_leaves":2},"minecraft:crafted":{"minecraft:oak_planks":88,"minecraft:crafting_table":1,"minecraft:wooden_pickaxe":1,"minecraft:cooked_chicken":3,"minecraft:furnace":1,"minecraft:stone_axe":1,"minecraft:air":0,"minecraft:shield":1,"minecraft:stick":8,"minecraft:iron_ingot":2,"minecraft:stone_pickaxe":1,"minecraft:white_bed":1},"minecraft:custom":{"minecraft:interact_with_furnace":12,"minecraft:mob_kills":24,"minecraft:interact_with_crafting_table":9,"minecraft:time_since_death":16921,"minecraft:leave_game":4,"minecraft:sleep_in_bed":1,"minecraft:time_since_rest":4768,"minecraft:sprint_one_cm":61977,"minecraft:damage_taken":100,"minecraft:walk_one_cm":57272,"minecraft:drop":16,"minecraft:damage_dealt":4564,"minecraft:swim_one_cm":3655,"minecraft:fly_one_cm":98325,"minecraft:open_chest":14,"minecraft:crouch_one_cm":9609,"minecraft:play_time":32028,"minecraft:deaths":1,"minecraft:sneak_time":2793,"minecraft:walk_under_water_one_cm":349,"minecraft:jump":403,"minecraft:walk_on_water_one_cm":362,"minecraft:interact_with_smoker":1,"minecraft:total_world_time":32028,"minecraft:fall_one_cm":6114},"minecraft:killed":{"minecraft:pig":3,"minecraft:spider":1,"minecraft:sheep":4,"minecraft:mule":4,"minecraft:chicken":6,"minecraft:mooshroom":1,"minecraft:cow":5},"minecraft:used":{"minecraft:stone_pickaxe":21,"minecraft:wooden_pickaxe":12,"minecraft:sugar_cane":4,"minecraft:cooked_chicken":3,"minecraft:mooshroom_spawn_egg":11,"minecraft:dirt":86,"minecraft:crafting_table":3,"minecraft:white_bed":1,"minecraft:mule_spawn_egg":31,"minecraft:glow_squid_spawn_egg":4,"minecraft:netherite_shovel":114,"minecraft:stone_axe":45,"minecraft:furnace":2,"tombstone:gift":2}},"DataVersion":3465}