{"stats":{"minecraft:picked_up":{"minecraft:feather":2,"minecraft:chicken":2,"minecraft:wheat_seeds":1,"minecraft:porkchop":4,"minecraft:oak_log":1,"minecraft:dirt":30},"minecraft:killed":{"minecraft:pig":2,"minecraft:chicken":2},"minecraft:custom":{"minecraft:time_since_rest":4603,"minecraft:crouch_one_cm":3315,"minecraft:play_time":4603,"minecraft:sprint_one_cm":11289,"minecraft:walk_one_cm":12806,"minecraft:sneak_time":611,"minecraft:mob_kills":4,"minecraft:jump":70,"minecraft:damage_dealt":280,"minecraft:leave_game":1,"minecraft:time_since_death":4603,"minecraft:total_world_time":4603,"minecraft:fall_one_cm":1047,"minecraft:fly_one_cm":8983},"minecraft:mined":{"minecraft:grass":10,"minecraft:grass_block":30,"minecraft:oak_log":1,"minecraft:oak_leaves":1},"minecraft:crafted":{"minecraft:oak_planks":4,"minecraft:crafting_table":1},"minecraft:used":{"minecraft:dirt":30,"minecraft:crafting_table":1}},"DataVersion":3465}